{
  "spec/requests/admin/api/v1/images_spec.rb": 0.04504899999301415,
  "spec/requests/api/v1/celestial_objects_spec.rb": 0.13029299999470823,
  "spec/requests/api/v1/commodities_spec.rb": 0.033486999993328936,
  "spec/requests/api/v1/commodity_prices_spec.rb": 0.2905610000016168,
  "spec/requests/api/v1/equipment_spec.rb": 0.03158699999039527,
  "spec/requests/api/v1/fleet_invite_urls_spec.rb": 0.03187500000058208,
  "spec/requests/api/v1/fleet_members_spec.rb": 0.013134000007994473,
  "spec/requests/api/v1/fleet_memberships_spec.rb": 0.11440500000026077,
  "spec/requests/api/v1/fleet_stats_spec.rb": 0.03646100001060404,
  "spec/requests/api/v1/fleet_vehicles_spec.rb": 0.029425000000628643,
  "spec/requests/api/v1/fleets_spec.rb": 0.05016899999463931,
  "spec/requests/api/v1/hangar_groups_spec.rb": 0.029855999993742444,
  "spec/requests/api/v1/manufacturers_spec.rb": 0.07153400000242982,
  "spec/requests/api/v1/models_spec.rb": 0.1471460000029765,
  "spec/requests/api/v1/passwords_spec.rb": 0.03407800001150463,
  "spec/requests/api/v1/roadmap_spec.rb": 0.010573999999905936,
  "spec/requests/api/v1/search_spec.rb": 0.005673999999999069,
  "spec/requests/api/v1/sessions_spec.rb": 0.020080000002053566,
  "spec/requests/api/v1/shop_commodities_spec.rb": 0.01792600000044331,
  "spec/requests/api/v1/shops_spec.rb": 0.018278000003192574,
  "spec/requests/api/v1/starsystems_spec.rb": 0.046457000004011206,
  "spec/requests/api/v1/stations_spec.rb": 0.03256299998611212,
  "spec/requests/api/v1/stats_spec.rb": 0.036431000000447966,
  "spec/requests/api/v1/trade_routes_spec.rb": 0.007110000005923212,
  "spec/requests/api/v1/two_factors_spec.rb": 0.02018399999360554,
  "spec/requests/api/v1/users_spec.rb": 0.05979200000001583,
  "spec/requests/api/v1/vehicles_spec.rb": 0.13297000000602566
}