{
  "spec/requests/admin/api/v1/commodities_spec.rb": 1.0988799999468029,
  "spec/requests/admin/api/v1/components/filters_spec.rb": 0.032048999797552824,
  "spec/requests/admin/api/v1/images/create_spec.rb": 0.06834999984130263,
  "spec/requests/admin/api/v1/images/destroy_spec.rb": 0.02592100016772747,
  "spec/requests/admin/api/v1/images/index_spec.rb": 0.0478710001334548,
  "spec/requests/admin/api/v1/images/update_spec.rb": 0.032660000026226044,
  "spec/requests/admin/api/v1/models_spec.rb": 0.24684099992737174,
  "spec/requests/admin/api/v1/shop_commodities/destroy_spec.rb": 0.0759519999846816,
  "spec/requests/admin/api/v1/shops/commodities_spec.rb": 0.8994289999827743,
  "spec/requests/admin/api/v1/stations_spec.rb": 0.09308600006625056,
  "spec/requests/api/v1/celestial_objects/index_spec.rb": 0.026422000024467707,
  "spec/requests/api/v1/celestial_objects/show_spec.rb": 0.027204999700188637,
  "spec/requests/api/v1/commodities/deprecated_spec.rb": 0.011228000279515982,
  "spec/requests/api/v1/commodities/index_spec.rb": 0.08872599992901087,
  "spec/requests/api/v1/commodity_prices/create_spec.rb": 0.10134599963203073,
  "spec/requests/api/v1/components/deprecated_spec.rb": 0.034159999806433916,
  "spec/requests/api/v1/components/index_spec.rb": 0.046618999913334846,
  "spec/requests/api/v1/equipment/index_spec.rb": 0.06891900021582842,
  "spec/requests/api/v1/features_spec.rb": 0.027602000162005424,
  "spec/requests/api/v1/filters/commodities/commodity_types_spec.rb": 0.009427000302821398,
  "spec/requests/api/v1/filters/commodity_prices/time_ranges_spec.rb": 0.01271100016310811,
  "spec/requests/api/v1/filters/components/classes_spec.rb": 0.010979000013321638,
  "spec/requests/api/v1/filters/components/item_types_spec.rb": 0.009219999890774488,
  "spec/requests/api/v1/filters/shop_commodities/commodity_type_options_spec.rb": 0.01237199967727065,
  "spec/requests/api/v1/filters/shop_commodities/sub_categories_spec.rb": 0.010950000025331974,
  "spec/requests/api/v1/filters/shops/types_spec.rb": 0.009443999733775854,
  "spec/requests/api/v1/fleets/check_spec.rb": 0.034690000116825104,
  "spec/requests/api/v1/fleets/create_spec.rb": 0.0824070000089705,
  "spec/requests/api/v1/fleets/deprecated_spec.rb": 0.03336000023409724,
  "spec/requests/api/v1/fleets/destroy_spec.rb": 0.09954799991101027,
  "spec/requests/api/v1/fleets/find_by_invite_spec.rb": 0.02950399974361062,
  "spec/requests/api/v1/fleets/invite_urls/create_spec.rb": 0.10129099991172552,
  "spec/requests/api/v1/fleets/invite_urls/destroy_spec.rb": 0.1119059999473393,
  "spec/requests/api/v1/fleets/invite_urls/index_spec.rb": 0.08943399973213673,
  "spec/requests/api/v1/fleets/invite_urls/use_spec.rb": 0.1307939998805523,
  "spec/requests/api/v1/fleets/invites_spec.rb": 0.050894999876618385,
  "spec/requests/api/v1/fleets/members/accept_spec.rb": 0.18354000011458993,
  "spec/requests/api/v1/fleets/members/create_spec.rb": 0.13309000013396144,
  "spec/requests/api/v1/fleets/members/decline_spec.rb": 0.131269000004977,
  "spec/requests/api/v1/fleets/members/demote_spec.rb": 0.10299400007352233,
  "spec/requests/api/v1/fleets/members/deprecated_spec.rb": 0.24990200018510222,
  "spec/requests/api/v1/fleets/members/destroy_spec.rb": 0.1064259996637702,
  "spec/requests/api/v1/fleets/members/index_spec.rb": 0.133133000228554,
  "spec/requests/api/v1/fleets/members/promote_spec.rb": 0.1277310000732541,
  "spec/requests/api/v1/fleets/membership/accept_spec.rb": 0.10871100006625056,
  "spec/requests/api/v1/fleets/membership/decline_spec.rb": 0.1044070003554225,
  "spec/requests/api/v1/fleets/membership/destroy_spec.rb": 0.06647099973633885,
  "spec/requests/api/v1/fleets/membership/show_spec.rb": 0.06898299977183342,
  "spec/requests/api/v1/fleets/membership/update_spec.rb": 0.09904100000858307,
  "spec/requests/api/v1/fleets/my_spec.rb": 0.028458999935537577,
  "spec/requests/api/v1/fleets/show_spec.rb": 0.018320000264793634,
  "spec/requests/api/v1/fleets/stats/members_spec.rb": 0.028661999851465225,
  "spec/requests/api/v1/fleets/stats/model_counts_spec.rb": 0.08286399999633431,
  "spec/requests/api/v1/fleets/stats/models_by_classification_spec.rb": 0.03245399985462427,
  "spec/requests/api/v1/fleets/stats/models_by_manufacturer_spec.rb": 0.04333900008350611,
  "spec/requests/api/v1/fleets/stats/models_by_production_status_spec.rb": 0.02990600001066923,
  "spec/requests/api/v1/fleets/stats/models_by_size_spec.rb": 0.028736999724060297,
  "spec/requests/api/v1/fleets/stats/vehicles_by_model_spec.rb": 0.030339000280946493,
  "spec/requests/api/v1/fleets/stats/vehicles_spec.rb": 0.03397499956190586,
  "spec/requests/api/v1/fleets/update_spec.rb": 0.08285399992018938,
  "spec/requests/api/v1/fleets/vehicles/deprecated_spec.rb": 0.4699530000798404,
  "spec/requests/api/v1/fleets/vehicles/export_spec.rb": 0.11039500031620264,
  "spec/requests/api/v1/fleets/vehicles/index_spec.rb": 0.3684419998899102,
  "spec/requests/api/v1/hangar/destroy_spec.rb": 0.02640199987217784,
  "spec/requests/api/v1/hangar/export_spec.rb": 0.03597700037062168,
  "spec/requests/api/v1/hangar/groups/create_spec.rb": 0.0360619998537004,
  "spec/requests/api/v1/hangar/groups/destroy_spec.rb": 0.07978799985721707,
  "spec/requests/api/v1/hangar/groups/index_spec.rb": 0.029285999946296215,
  "spec/requests/api/v1/hangar/groups/sort_spec.rb": 0.023792999796569347,
  "spec/requests/api/v1/hangar/groups/update_spec.rb": 0.04960000002756715,
  "spec/requests/api/v1/hangar/import_spec.rb": 0.10715899989008904,
  "spec/requests/api/v1/hangar/items_spec.rb": 0.024700999725610018,
  "spec/requests/api/v1/hangar/move_all_ingame_to_wishlist_spec.rb": 0.022663000039756298,
  "spec/requests/api/v1/hangar/show_spec.rb": 0.15518900007009506,
  "spec/requests/api/v1/hangar/stats/models_by_classification_spec.rb": 0.03345100022852421,
  "spec/requests/api/v1/hangar/stats/models_by_manufacturer_spec.rb": 0.029492999892681837,
  "spec/requests/api/v1/hangar/stats/models_by_production_status_spec.rb": 0.024941999930888414,
  "spec/requests/api/v1/hangar/stats/models_by_size_spec.rb": 0.02425199979916215,
  "spec/requests/api/v1/hangar/stats/show_spec.rb": 0.03704999992623925,
  "spec/requests/api/v1/hangar/sync_rsi_hangar_spec.rb": 0.23984500020742416,
  "spec/requests/api/v1/hangar_groups/deprecated_spec.rb": 0.20050300005823374,
  "spec/requests/api/v1/images/index_spec.rb": 0.07394300028681755,
  "spec/requests/api/v1/manufacturers/deprecated_spec.rb": 0.01952299987897277,
  "spec/requests/api/v1/manufacturers/index_spec.rb": 0.06332199973985553,
  "spec/requests/api/v1/model_paints/index_spec.rb": 0.06765800016000867,
  "spec/requests/api/v1/models/additionals_spec.rb": 0.13094399962574244,
  "spec/requests/api/v1/models/filters_spec.rb": 0.15247399965301156,
  "spec/requests/api/v1/models/index_spec.rb": 0.13329000025987625,
  "spec/requests/api/v1/models/show_spec.rb": 0.4189840001054108,
  "spec/requests/api/v1/password/request_spec.rb": 0.08683399995788932,
  "spec/requests/api/v1/password/update_spec.rb": 0.060056999791413546,
  "spec/requests/api/v1/password/update_with_token_spec.rb": 0.039859000127762556,
  "spec/requests/api/v1/public/fleets/stats/model_counts_spec.rb": 0.03724700026214123,
  "spec/requests/api/v1/public/fleets/vehicles/embed_spec.rb": 0.17382500041276217,
  "spec/requests/api/v1/public/fleets/vehicles/index_spec.rb": 0.28596900030970573,
  "spec/requests/api/v1/public/hangars/embed_spec.rb": 0.07639000006020069,
  "spec/requests/api/v1/public/hangars/groups/index_spec.rb": 0.01438899990171194,
  "spec/requests/api/v1/public/hangars/show_spec.rb": 0.10114199994131923,
  "spec/requests/api/v1/public/hangars/stats/show_spec.rb": 0.0268740002065897,
  "spec/requests/api/v1/public/wishlists/show_spec.rb": 0.07694899989292026,
  "spec/requests/api/v1/roadmap/index_spec.rb": 0.05076500028371811,
  "spec/requests/api/v1/roadmap/weeks_spec.rb": 0.01602999959141016,