{
  "test/controllers/api/v1/shops_controller_test.rb": 0.9188929998781532,
  "test/controllers/api/v1/trade_routes_controller_test.rb": 0.245975999860093,
  "test/controllers/api/v1/fleet_invite_urls_controller_test.rb": 0.16335000027902424,
  "test/controllers/api/v1/users_controller_test.rb": 0.12049999996088445,
  "test/controllers/api/v1/starsystems_controller_test.rb": 0.1937520003411919,
  "test/channels/application_cable/connection_test.rb": 5.1999930292367935e-05,
  "test/controllers/api/v1/vehicles_controller_test.rb": 0.33029800024814904,
  "test/models/user_test.rb": 0.06904800003394485,
  "/usr/local/var/rbenv/versions/3.0.2/lib/ruby/gems/3.0.0/gems/shoulda-context-2.0.0/lib/shoulda/context/context.rb": 0.011888999724760652,
  "test/controllers/api/v1/fleet_vehicles_controller_test.rb": 0.7195110009051859,
  "test/unit/sc_data_loader_test.rb": 4.7110390001907945,
  "test/controllers/api/v1/stations_controller_test.rb": 0.23660499998368323,
  "test/unit/hangar_import_hangarXPLOR_test.rb": 69.34087800001726,
  "test/controllers/api/v1/models_controller_test.rb": 0.1501070000231266,
  "/usr/local/var/rbenv/versions/3.0.2/lib/ruby/gems/3.0.0/gems/minitest-5.14.4/lib/minitest/spec.rb": 0.027941999724134803,
  "test/controllers/api/v1/roadmap_controller_test.rb": 0.07438100012950599,
  "test/controllers/api/v1/shop_commodities_controller_test.rb": 0.12107600038871169,
  "test/controllers/api/v1/celestial_objects_controller_test.rb": 0.23868399998173118,
  "test/unit/hangar_import_starship42_test.rb": 60.89878899999894,
  "test/models/fleet_test.rb": 0.0473730000667274,
  "test/unit/hangar_importer_test.rb": 59.72766500012949,
  "test/unit/rsi_models_loader_test.rb": 61.340576000278816
}