{
  "spec/requests/admin/api/v1/commodities_spec.rb": 0.9031119998544455,
  "spec/requests/admin/api/v1/components/filters_spec.rb": 0.030358999967575073,
  "spec/requests/admin/api/v1/images/create_spec.rb": 0.06855999981053174,
  "spec/requests/admin/api/v1/images/destroy_spec.rb": 0.027711000060662627,
  "spec/requests/admin/api/v1/images/index_spec.rb": 0.07557699992321432,
  "spec/requests/admin/api/v1/images/update_spec.rb": 0.06171699985861778,
  "spec/requests/admin/api/v1/models_spec.rb": 0.26948799984529614,
  "spec/requests/admin/api/v1/shop_commodities/destroy_spec.rb": 0.10221699997782707,
  "spec/requests/admin/api/v1/shops/commodities_spec.rb": 2.2152700000442564,
  "spec/requests/admin/api/v1/stations_spec.rb": 0.08599700010381639,
  "spec/requests/api/v1/celestial_objects/index_spec.rb": 0.02454600017517805,
  "spec/requests/api/v1/celestial_objects/show_spec.rb": 0.027725999942049384,
  "spec/requests/api/v1/commodities/deprecated_spec.rb": 0.011760999914258718,
  "spec/requests/api/v1/commodities/index_spec.rb": 0.08279100013896823,
  "spec/requests/api/v1/commodity_prices/create_spec.rb": 0.11622399999760091,
  "spec/requests/api/v1/components/deprecated_spec.rb": 0.021327000111341476,
  "spec/requests/api/v1/components/index_spec.rb": 0.06979100010357797,
  "spec/requests/api/v1/equipment/index_spec.rb": 0.055173000087961555,
  "spec/requests/api/v1/features_spec.rb": 0.025128000183030963,
  "spec/requests/api/v1/filters/commodities/commodity_types_spec.rb": 0.009811999974772334,
  "spec/requests/api/v1/filters/commodity_prices/time_ranges_spec.rb": 0.02018199977464974,
  "spec/requests/api/v1/filters/components/classes_spec.rb": 0.027039000065997243,
  "spec/requests/api/v1/filters/components/item_types_spec.rb": 0.011220999993383884,
  "spec/requests/api/v1/filters/shop_commodities/commodity_type_options_spec.rb": 0.011125999968498945,
  "spec/requests/api/v1/filters/shop_commodities/sub_categories_spec.rb": 0.023265999974682927,
  "spec/requests/api/v1/filters/shops/types_spec.rb": 0.020254999864846468,
  "spec/requests/api/v1/fleets/check_spec.rb": 0.04505799990147352,
  "spec/requests/api/v1/fleets/create_spec.rb": 0.13906700001098216,
  "spec/requests/api/v1/fleets/deprecated_spec.rb": 0.04510499979369342,
  "spec/requests/api/v1/fleets/destroy_spec.rb": 0.15047200000844896,
  "spec/requests/api/v1/fleets/find_by_invite_spec.rb": 0.046458000084385276,
  "spec/requests/api/v1/fleets/invite_urls/create_spec.rb": 0.12834099982865155,
  "spec/requests/api/v1/fleets/invite_urls/destroy_spec.rb": 0.10731999995186925,
  "spec/requests/api/v1/fleets/invite_urls/index_spec.rb": 0.07259300001896918,
  "spec/requests/api/v1/fleets/invite_urls/use_spec.rb": 0.11503899982199073,
  "spec/requests/api/v1/fleets/invites_spec.rb": 0.03181200008839369,
  "spec/requests/api/v1/fleets/members/accept_spec.rb": 0.15647199982777238,
  "spec/requests/api/v1/fleets/members/create_spec.rb": 0.1419879999011755,
  "spec/requests/api/v1/fleets/members/decline_spec.rb": 0.16101100016385317,
  "spec/requests/api/v1/fleets/members/demote_spec.rb": 0.11115500004962087,
  "spec/requests/api/v1/fleets/members/deprecated_spec.rb": 0.2718230001628399,
  "spec/requests/api/v1/fleets/members/destroy_spec.rb": 0.10576900001615286,
  "spec/requests/api/v1/fleets/members/index_spec.rb": 0.11592899984680116,
  "spec/requests/api/v1/fleets/members/promote_spec.rb": 0.1288150001782924,
  "spec/requests/api/v1/fleets/membership/accept_spec.rb": 0.13074199995025992,
  "spec/requests/api/v1/fleets/membership/decline_spec.rb": 0.12274500005878508,
  "spec/requests/api/v1/fleets/membership/destroy_spec.rb": 0.08056799997575581,
  "spec/requests/api/v1/fleets/membership/show_spec.rb": 0.09860199992544949,
  "spec/requests/api/v1/fleets/membership/update_spec.rb": 0.18812199984677136,
  "spec/requests/api/v1/fleets/my_spec.rb": 0.05402300017885864,
  "spec/requests/api/v1/fleets/show_spec.rb": 0.02881300006993115,
  "spec/requests/api/v1/fleets/stats/members_spec.rb": 0.03609299985691905,
  "spec/requests/api/v1/fleets/stats/model_counts_spec.rb": 0.08716100011952221,
  "spec/requests/api/v1/fleets/stats/models_by_classification_spec.rb": 0.041963000083342195,
  "spec/requests/api/v1/fleets/stats/models_by_manufacturer_spec.rb": 0.041351000079885125,
  "spec/requests/api/v1/fleets/stats/models_by_production_status_spec.rb": 0.03466799994930625,
  "spec/requests/api/v1/fleets/stats/models_by_size_spec.rb": 0.045329999877139926,
  "spec/requests/api/v1/fleets/stats/vehicles_by_model_spec.rb": 0.0654119998216629,
  "spec/requests/api/v1/fleets/stats/vehicles_spec.rb": 0.04994299984537065,
  "spec/requests/api/v1/fleets/update_spec.rb": 0.13267299998551607,
  "spec/requests/api/v1/fleets/vehicles/deprecated_spec.rb": 0.4970929999835789,
  "spec/requests/api/v1/fleets/vehicles/export_spec.rb": 0.11790700000710785,
  "spec/requests/api/v1/fleets/vehicles/index_spec.rb": 0.5488739998545498,
  "spec/requests/api/v1/hangar/destroy_spec.rb": 0.03936699987389147,
  "spec/requests/api/v1/hangar/export_spec.rb": 0.0626489999704063,
  "spec/requests/api/v1/hangar/groups/create_spec.rb": 0.04806900001130998,
  "spec/requests/api/v1/hangar/groups/destroy_spec.rb": 0.11958399997092783,
  "spec/requests/api/v1/hangar/groups/index_spec.rb": 0.03921500011347234,
  "spec/requests/api/v1/hangar/groups/sort_spec.rb": 0.03139999997802079,
  "spec/requests/api/v1/hangar/groups/update_spec.rb": 0.05514100007712841,
  "spec/requests/api/v1/hangar/import_spec.rb": 0.10688799992203712,
  "spec/requests/api/v1/hangar/items_spec.rb": 0.02759500010870397,
  "spec/requests/api/v1/hangar/move_all_ingame_to_wishlist_spec.rb": 0.026471000164747238,
  "spec/requests/api/v1/hangar/show_spec.rb": 0.19154200004413724,
  "spec/requests/api/v1/hangar/stats/models_by_classification_spec.rb": 0.09629400004632771,
  "spec/requests/api/v1/hangar/stats/models_by_manufacturer_spec.rb": 0.048199000069871545,
  "spec/requests/api/v1/hangar/stats/models_by_production_status_spec.rb": 0.041505999863147736,
  "spec/requests/api/v1/hangar/stats/models_by_size_spec.rb": 0.05052700010128319,
  "spec/requests/api/v1/hangar/stats/show_spec.rb": 0.054675000021234155,
  "spec/requests/api/v1/hangar/sync_rsi_hangar_spec.rb": 0.3688950000796467,
  "spec/requests/api/v1/hangar_groups/deprecated_spec.rb": 0.22351899999193847,
  "spec/requests/api/v1/images/index_spec.rb": 0.06182699999772012,
  "spec/requests/api/v1/manufacturers/deprecated_spec.rb": 0.018262000055983663,
  "spec/requests/api/v1/manufacturers/index_spec.rb": 0.04931900021620095,
  "spec/requests/api/v1/model_paints/index_spec.rb": 0.06787999998778105,
  "spec/requests/api/v1/models/additionals_spec.rb": 0.16740899998694658,
  "spec/requests/api/v1/models/filters_spec.rb": 0.07827900000847876,
  "spec/requests/api/v1/models/index_spec.rb": 0.13701800000853837,
  "spec/requests/api/v1/models/show_spec.rb": 0.46857899986207485,
  "spec/requests/api/v1/password/request_spec.rb": 0.11906599998474121,
  "spec/requests/api/v1/password/update_spec.rb": 0.15340099995955825,
  "spec/requests/api/v1/password/update_with_token_spec.rb": 0.07145899999886751,
  "spec/requests/api/v1/public/fleets/stats/model_counts_spec.rb": 0.0707989998627454,
  "spec/requests/api/v1/public/fleets/vehicles/embed_spec.rb": 0.21351799997501075,
  "spec/requests/api/v1/public/fleets/vehicles/index_spec.rb": 0.31121299997903407,
  "spec/requests/api/v1/public/hangars/embed_spec.rb": 0.09855799982324243,
  "spec/requests/api/v1/public/hangars/groups/index_spec.rb": 0.017164000077173114,
  "spec/requests/api/v1/public/hangars/show_spec.rb": 0.11806900007650256,
  "spec/requests/api/v1/public/hangars/stats/show_spec.rb": 0.05339400004595518,
  "spec/requests/api/v1/public/wishlists/show_spec.rb": 0.11219800007529557,
  "spec/requests/api/v1/roadmap/index_spec.rb": 0.0973849999718368,
  "spec/requests/api/v1/roadmap/weeks_spec.rb": 0.029199999989941716,