{
  "test/controllers/api/v1/vehicles_controller_test.rb": 1.004986000014469,
  "test/controllers/api/v1/fleet_invite_urls_controller_test.rb": 0.29702700045891106,
  "test/unit/hangar_importer_test.rb": 89.27562900003977,
  "test/controllers/api/v1/trade_routes_controller_test.rb": 0.3444890002720058,
  "test/controllers/api/v1/users_controller_test.rb": 0.16708100005052984,
  "test/controllers/api/v1/shop_commodities_controller_test.rb": 0.1419940001796931,
  "test/models/fleet_test.rb": 0.061765999998897314,
  "/usr/local/var/rbenv/versions/3.0.2/lib/ruby/gems/3.0.0/gems/minitest-5.14.4/lib/minitest/spec.rb": 0.03214200004003942,
  "test/models/user_test.rb": 0.04542200011201203,
  "test/unit/sc_data_loader_test.rb": 5.378731000004336,
  "test/unit/hangar_import_starship42_test.rb": 66.64922199980356,
  "test/channels/application_cable/connection_test.rb": 5.300017073750496e-05,
  "/usr/local/var/rbenv/versions/3.0.2/lib/ruby/gems/3.0.0/gems/shoulda-context-2.0.0/lib/shoulda/context/context.rb": 0.01219799998216331,
  "test/controllers/api/v1/stations_controller_test.rb": 0.2843989999964833,
  "test/controllers/api/v1/celestial_objects_controller_test.rb": 0.230009000049904,
  "test/controllers/api/v1/fleet_vehicles_controller_test.rb": 0.8071160006802529,
  "test/controllers/api/v1/shops_controller_test.rb": 0.1608919999562204,
  "test/unit/rsi_models_loader_test.rb": 67.64954699971713,
  "test/controllers/api/v1/roadmap_controller_test.rb": 0.07413299987092614,
  "test/controllers/api/v1/models_controller_test.rb": 0.09162700036540627,
  "test/unit/hangar_import_hangar_xplor_test.rb": 65.74667300004512,
  "test/controllers/api/v1/starsystems_controller_test.rb": 0.160759000107646
}